artist,album,release_year,genre,type,weeks_on_billboard,peak_billboard_position,spotify_popularity,artist_member_count,rank_2020
Marvin Gaye,What's Going On,1971,Soul/Gospel/R&B,Studio,48,6,68,1,1
The Beach Boys,Pet Sounds,1966,NA,Studio,40,10,62,6,2
Joni Mitchell,Blue,1971,Country/Folk/Country Rock/Folk Rock,Studio,28,15,NA,1,3
Stevie Wonder,Songs in the Key of Life,1976,Soul/Gospel/R&B,Studio,77,1,70,1,4
The Beatles,Abbey Road,1969,NA,Studio,83,1,79,4,5
Nirvana,Nevermind,1991,Indie/Alternative Rock,Studio,252,1,77,3,6
Fleetwood Mac,Rumours,1977,Singer-Songwriter/Heartland Rock,Studio,134,1,79,5,7
Prince,Purple Rain,1984,NA,Studio,72,1,71,6,8
Bob Dylan,Blood on the Tracks,1975,Country/Folk/Country Rock/Folk Rock,Studio,24,1,59,1,9
Lauryn Hill,The Miseducation of Lauryn Hill,1998,Hip-Hop/Rap,Studio,81,1,75,1,10
The Beatles,Revolver,1966,NA,Studio,94,1,73,4,11
Michael Jackson,Thriller,1982,Soul/Gospel/R&B,Studio,122,1,77,1,12
Aretha Franklin,I Never Loved a Man the Way I Love You,1967,Soul/Gospel/R&B,Studio,79,2,67,1,13
Rolling Stones,Exile on Main St.,1972,Blues/Blues Rock,Studio,43,1,61,5,14
Public Enemy,It Takes a Nation of Millions to Hold Us Back,1988,Hip-Hop/Rap,Studio,51,42,31,4,15
The Clash,London Calling,1979,Punk/Post-Punk/New Wave/Power Pop,Studio,33,27,68,4,16
Kanye West,My Beautiful Dark Twisted Fantasy,2010,Hip-Hop/Rap,Studio,243,1,85,1,17
Bob Dylan,Highway 61 Revisited,1965,Country/Folk/Country Rock/Folk Rock,Studio,47,3,64,1,18
Kendrick Lamar,To Pimp a Butterfly,2015,Hip-Hop/Rap,Studio,125,1,78,1,19
Radiohead,Kid A,2000,Indie/Alternative Rock,Studio,28,1,70,5,20
Bruce Springsteen,Born to Run,1975,Singer-Songwriter/Heartland Rock,Studio,110,3,65,1,21
The Notorious B.I.G.,Ready to Die,1994,Hip-Hop/Rap,Studio,59,15,76,1,22
The Velvet Underground,The Velvet Underground & Nico,1967,Punk/Post-Punk/New Wave/Power Pop,Studio,13,171,65,5,23
The Beatles,Sgt. Pepper's Lonely Hearts Club Band,1967,NA,Studio,233,1,71,4,24
Carole King,Tapestry,1971,Singer-Songwriter/Heartland Rock,Studio,302,1,68,1,25
Patti Smith,Horses,1975,Punk/Post-Punk/New Wave/Power Pop,Studio,17,47,33,1,26
Wu-Tang Clan,Enter the Wu-Tang: 36 Chambers,1993,NA,Studio,42,41,41,9,27
D'Angelo,Voodoo,2000,Soul/Gospel/R&B,Studio,33,1,59,1,28
The Beatles,The Beatles,1968,NA,Studio,55,1,76,4,29
Jimi Hendrix Experience,Are You Experienced,1967,Blues/Blues Rock,Studio,106,5,69,3,30
Miles Davis,Kind of Blue,1959,Big Band/Jazz,Studio,NA,201,52,1,31
Beyonce,Lemonade,2016,NA,Studio,87,1,73,1,32
Amy Winehouse,Back to Black,2006,Soul/Gospel/R&B,Studio,173,2,67,1,33
Stevie Wonder,Innervisions,1973,Funk/Disco,Studio,89,4,62,1,34
The Beatles,Rubber Soul,1965,NA,Studio,70,1,76,4,35
Michael Jackson,Off the Wall,1979,Funk/Disco,Studio,169,3,73,1,36
Dr. Dre,The Chronic,1992,Hip-Hop/Rap,Studio,86,3,71,1,37
Bob Dylan,Blonde on Blonde,1966,Country/Folk/Country Rock/Folk Rock,Studio,34,9,54,1,38
Talking Heads,Remain in Light,1980,Punk/Post-Punk/New Wave/Power Pop,Studio,27,19,50,4,39
David Bowie,The Rise and Fall of Ziggy Stardust and the Spiders From Mars,1972,NA,Studio,72,75,73,1,40
Rolling Stones,Let It Bleed,1969,Blues/Blues Rock,Studio,39,3,46,6,41
Radiohead,OK Computer,1997,Indie/Alternative Rock,Studio,55,21,79,5,42
A Tribe Called Quest,The Low End Theory,1991,Hip-Hop/Rap,Studio,51,45,64,4,43
Nas,Illmatic,1994,Hip-Hop/Rap,Studio,19,12,71,1,44
Prince,Sign O' The Times,1987,NA,Studio,54,6,48,1,45
Paul Simon,Graceland,1986,NA,Studio,97,3,49,1,46
Ramones,Ramones,1976,Punk/Post-Punk/New Wave/Power Pop,Studio,18,111,41,4,47
Bob Marley,Legend: The Best of Bob Marley and The Wailers,1984,Reggae,Greatest Hits,36,54,56,1,48
OutKast,Aquemini,1998,Hip-Hop/Rap,Studio,43,2,65,2,49
Jay-Z,The Blueprint,2001,Hip-Hop/Rap,Studio,35,1,63,1,50
Chuck Berry,The Great Twenty-Eight,1982,Rock n' Roll/Rhythm & Blues,Greatest Hits,NA,201,33,1,51
David Bowie,Station to Station,1976,NA,Studio,32,3,55,1,52
Jimi Hendrix Experience,Electric Ladyland,1968,Blues/Blues Rock,Studio,1,40,69,3,53
James Brown,Star Time,1991,Funk/Disco,Compilation,NA,201,54,1,54
Pink Floyd,The Dark Side of the Moon,1973,NA,Studio,741,1,76,4,55
Liz Phair,Exile in Guyville,1993,Indie/Alternative Rock,Studio,1,196,47,1,56
The Band,The Band,1969,Country/Folk/Country Rock/Folk Rock,Studio,49,9,58,5,57
Led Zeppelin,Led Zeppelin IV,1971,Hard Rock/Metal,Studio,218,2,58,4,58
Stevie Wonder,Talking Book,1972,Soul/Gospel/R&B,Studio,109,3,67,1,59
Van Morrison,Astral Weeks,1968,NA,Studio,NA,201,52,1,60
Eric B. & Rakim,Paid in Full,1987,Hip-Hop/Rap,Studio,38,58,51,2,61
Guns N' Roses,Appetite for Destruction,1987,Hard Rock/Metal,Studio,147,1,83,5,62
Steely Dan,Aja,1977,NA,Studio,60,3,57,2,63
OutKast,Stankonia,2000,Hip-Hop/Rap,Studio,46,2,74,2,64
James Brown,"Live at the Apollo, 1962",1963,Funk/Disco,Live,6,91,28,1,65
John Coltrane,A Love Supreme,1965,Big Band/Jazz,Studio,12,64,47,1,66
Jay-Z,Reasonable Doubt,1996,Hip-Hop/Rap,Studio,18,23,58,1,67
Kate Bush,Hounds of Love,1985,NA,Studio,27,30,75,1,68
Alanis Morissette,Jagged Little Pill,1995,Indie/Alternative Rock,Studio,113,1,58,1,69
N.W.A,Straight Outta Compton,1988,Hip-Hop/Rap,Studio,81,37,71,6,70
Bob Marley,Exodus,1977,Reggae,Studio,24,20,75,1,71
Neil Young,Harvest,1972,Country/Folk/Country Rock/Folk Rock,Studio,41,1,NA,1,72
My Bloody Valentine,Loveless,1991,Indie/Alternative Rock,Studio,NA,201,63,4,73
Kanye West,The College Dropout,2004,Hip-Hop/Rap,Studio,74,2,79,1,74
Aretha Franklin,Lady Soul,1968,Soul/Gospel/R&B,Studio,52,2,63,1,75
Curtis Mayfield,Superfly,1972,Soul/Gospel/R&B,Soundtrack,46,1,54,1,76
The Who,Who's Next,1971,NA,Studio,43,4,29,4,77
Elvis Presley,The Sun Sessions,1976,Rock n' Roll/Rhythm & Blues,Compilation,11,76,NA,1,78
Frank Ocean,Blonde,2016,Soul/Gospel/R&B,Studio,354,1,86,1,79
Sex Pistols,Never Mind the Bollocks Here's the Sex Pistols,1977,Punk/Post-Punk/New Wave/Power Pop,Studio,12,106,51,5,80
Beyonce,Beyonce,2013,NA,Studio,186,1,75,1,81
Sly & The Family Stone,There's a Riot Goin' On,1971,Funk/Disco,Studio,31,1,47,10,82
Dusty Springfield,Dusty in Memphis,1969,Soul/Gospel/R&B,Studio,14,99,24,1,83
AC/DC,Back in Black,1980,Hard Rock/Metal,Studio,92,4,80,5,84
John Lennon,Plastic Ono Band,1970,NA,Studio,33,6,59,1,85
The Doors,The Doors,1967,Blues/Blues Rock,Studio,104,2,70,4,86
Miles Davis,Bitches Brew,1970,Big Band/Jazz,Studio,29,35,39,1,87
David Bowie,Hunky Dory,1971,NA,Studio,16,93,66,1,88
Erykah Badu,Baduizm,1997,Soul/Gospel/R&B,Studio,58,2,67,1,89
Neil Young,After the Gold Rush,1970,NA,Studio,66,8,NA,1,90
Bruce Springsteen,Darkness on the Edge of Town,1978,Singer-Songwriter/Heartland Rock,Studio,97,5,57,1,91
Jimi Hendrix Experience,Axis: Bold as Love,1967,Blues/Blues Rock,Studio,3,55,66,3,92
Missy Elliott,Supa Dupa Fly,1997,Hip-Hop/Rap,Studio,37,3,53,1,93
The Stooges,Fun House,1970,Punk/Post-Punk/New Wave/Power Pop,Studio,NA,201,42,5,94
Drake,Take Care,2011,Hip-Hop/Rap,Studio,557,1,84,1,95
R.E.M.,Automatic for the People,1992,Indie/Alternative Rock,Studio,75,2,70,4,96
Metallica,Master of Puppets,1986,Hard Rock/Metal,Studio,72,29,51,4,97
Lucinda Williams,Car Wheels on a Gravel Road,1998,Country/Folk/Country Rock/Folk Rock,Studio,20,65,50,1,98
Taylor Swift,Red,2012,Country/Folk/Country Rock/Folk Rock,Studio,185,1,62,1,99
The Band,Music From Big Pink,1968,Country/Folk/Country Rock/Folk Rock,Studio,40,30,62,5,100
Led Zeppelin,Led Zeppelin,1969,Hard Rock/Metal,Studio,73,10,53,4,101
The Clash,The Clash,1977,Punk/Post-Punk/New Wave/Power Pop,Studio,6,126,54,5,102
De La Soul,3 Feet High and Rising,1989,Hip-Hop/Rap,Studio,20,24,56,3,103
Rolling Stones,Sticky Fingers,1971,Blues/Blues Rock,Studio,62,1,70,5,104
The Allman Brothers Band,At Fillmore East,1971,Blues/Blues Rock,Live,47,13,46,6,105
Hole,Live Through This,1994,Indie/Alternative Rock,Studio,68,52,62,4,106
Television,Marquee Moon,1977,Punk/Post-Punk/New Wave/Power Pop,Studio,NA,201,50,4,107
Fiona Apple,When the Pawn...,1999,Indie/Alternative Rock,Studio,20,13,64,1,108
Lou Reed,Transformer,1972,NA,Studio,31,29,67,1,109
Joni Mitchell,Court and Spark,1974,NA,Studio,64,2,NA,1,110
Janet Jackson,Control,1986,Soul/Gospel/R&B,Studio,106,1,54,1,111
Elton John,Goodbye Yellow Brick Road,1973,Singer-Songwriter/Heartland Rock,Studio,91,1,74,1,112
The Smiths,The Queen Is Dead,1986,Punk/Post-Punk/New Wave/Power Pop,Studio,37,70,75,4,113
The Strokes,Is This It,2001,Indie/Alternative Rock,Studio,58,33,67,5,114
Kendrick Lamar,"good kid, m.A.A.d city",2012,Hip-Hop/Rap,Studio,575,2,76,1,115
The Cure,Disintegration,1989,Punk/Post-Punk/New Wave/Power Pop,Studio,55,12,47,6,116
Kanye West,Late Registration,2005,Hip-Hop/Rap,Studio,37,1,80,1,117
Eagles,Hotel California,1976,Country/Folk/Country Rock/Folk Rock,Studio,158,1,76,5,118
Sly & The Family Stone,Stand!,1969,Soul/Gospel/R&B,Studio,102,13,57,10,119
Van Morrison,Moondance,1970,NA,Studio,24,29,65,1,120
Elvis Costello,This Year's Model,1978,Punk/Post-Punk/New Wave/Power Pop,Studio,17,30,52,1,121
Nine Inch Nails,The Downward Spiral,1994,Indie/Alternative Rock,Studio,115,2,62,4,122
Led Zeppelin,Led Zeppelin II,1969,Hard Rock/Metal,Studio,75,1,55,4,123
U2,Achtung Baby,1991,Indie/Alternative Rock,Studio,97,1,70,4,124
Beastie Boys,Paul's Boutique,1989,Hip-Hop/Rap,Studio,15,14,57,3,125
Mary J. Blige,My Life,1994,Soul/Gospel/R&B,Studio,46,7,60,1,126
Ray Charles,Modern Sounds in Country and Western Music,1962,Soul/Gospel/R&B,Studio,14,1,55,1,127
Queen,A Night at the Opera,1975,NA,Studio,56,4,40,4,128
Pink Floyd,The Wall,1979,NA,Studio,115,1,76,4,129
Prince,1999,1982,NA,Studio,153,9,52,1,130
Portishead,Dummy,1994,Electronic,Studio,17,79,70,3,131
Hank Williams,40 Greatest Hits,1984,Country/Folk/Country Rock/Folk Rock,Greatest Hits,15,152,42,1,132
Joni Mitchell,Hejira,1976,NA,Studio,18,13,NA,1,133
Fugees,The Score,1996,Hip-Hop/Rap,Studio,64,1,43,3,134
U2,The Joshua Tree,1987,Indie/Alternative Rock,Studio,103,1,60,4,135
Funkadelic,Maggot Brain,1971,Funk/Disco,Studio,16,108,57,10,136
Adele,21,2011,Soul/Gospel/R&B,Studio,588,1,81,1,137
Madonna,The Immaculate Collection,1990,NA,Greatest Hits,141,2,61,1,138
Black Sabbath,Paranoid,1970,Hard Rock/Metal,Studio,65,12,68,4,139
Bob Marley,Catch a Fire,1973,Reggae,Studio,5,171,61,7,140
Pixies,Doolittle,1989,Indie/Alternative Rock,Studio,27,98,73,4,141
Bruce Springsteen,Born in the U.S.A.,1984,Singer-Songwriter/Heartland Rock,Studio,139,1,77,1,142
The Velvet Underground,The Velvet Underground,1969,Punk/Post-Punk/New Wave/Power Pop,Studio,NA,201,41,4,143
Led Zeppelin,Physical Graffiti,1975,Hard Rock/Metal,Studio,28,1,49,4,144
Eminem,The Marshall Mathers LP,2000,Hip-Hop/Rap,Studio,173,1,82,1,145
Blondie,Parallel Lines,1978,Punk/Post-Punk/New Wave/Power Pop,Studio,103,6,61,6,146
Jeff Buckley,Grace,1994,NA,Studio,7,149,70,1,147
Frank Ocean,Channel Orange,2012,Soul/Gospel/R&B,Studio,150,2,84,1,148
John Prince,John Prine,1971,Country/Folk/Country Rock/Folk Rock,Studio,3,154,54,1,149
Bruce Springsteen,Nebraska,1982,Country/Folk/Country Rock/Folk Rock,Studio,29,3,51,1,150
George Michael,Faith,1987,NA,Studio,87,1,69,1,151
Pretenders,Pretenders,1980,Punk/Post-Punk/New Wave/Power Pop,Studio,78,9,53,4,152
PJ Harvey,Rid of Me,1993,Indie/Alternative Rock,Studio,1,158,46,1,153
Aretha Franklin,Amazing Grace,1972,Soul/Gospel/R&B,Live,23,7,38,1,154
Jay-Z,The Black Album,2003,Hip-Hop/Rap,Studio,58,1,65,1,155
The Replacements,Let It Be,1984,Punk/Post-Punk/New Wave/Power Pop,Studio,NA,201,30,4,156
Oasis,(What's the Story) Morning Glory?,1995,Indie/Alternative Rock,Studio,76,4,67,5,157
Erykah Badu,Mama's Gun,2000,Soul/Gospel/R&B,Studio,25,11,66,1,158
The Police,Synchronicity,1983,Punk/Post-Punk/New Wave/Power Pop,Studio,75,1,79,3,159
Pearl Jam,Ten,1991,Indie/Alternative Rock,Studio,250,2,76,5,160
"Crosby, Stills & Nash","Crosby, Stills & Nash",1969,Country/Folk/Country Rock/Folk Rock,Studio,107,6,NA,3,161
Pulp,Different Class,1995,Punk/Post-Punk/New Wave/Power Pop,Studio,NA,201,64,6,162
Bee Gees,Saturday Night Fever: The Original Movie Sound Track,1977,Funk/Disco,Soundtrack,133,1,58,3,163
Johnny Cash,At Folsom Prison,1968,Country/Folk/Country Rock/Folk Rock,Live,81,13,60,1,164
R.E.M.,Murmur,1983,Punk/Post-Punk/New Wave/Power Pop,Studio,30,36,42,4,165
Buddy Holly,20 Golden Greats,1978,Rock n' Roll/Rhythm & Blues,Greatest Hits,12,55,29,1,166
Depeche Mode,Violator,1990,NA,Studio,74,7,61,4,167
Steely Dan,Can't Buy a Thrill,1972,NA,Studio,59,17,71,5,168
Billy Joel,The Stranger,1977,Singer-Songwriter/Heartland Rock,Studio,137,2,55,1,169
Cream,Disraeli Gears,1967,Blues/Blues Rock,Studio,83,4,55,3,170
Sonic Youth,Daydream Nation,1988,Punk/Post-Punk/New Wave/Power Pop,Studio,NA,201,39,4,171
Simon & Garfunkel,Bridge Over Troubled Water,1970,Country/Folk/Country Rock/Folk Rock,Studio,85,1,71,2,172
Nirvana,In Utero,1993,Indie/Alternative Rock,Studio,87,1,76,3,173
Jimmy Cliff,The Harder They Come,1972,Reggae,Soundtrack,8,140,58,1,174
Kendrick Lamar,DAMN,2017,Hip-Hop/Rap,Studio,342,1,85,1,175
Public Enemy,Fear of a Black Planet,1990,Hip-Hop/Rap,Studio,27,10,48,3,176
Rod Stewart,Every Picture Tells a Story,1971,NA,Studio,52,1,62,1,177
Otis Redding,Otis Blue: Otis Redding Sings Soul,1965,Soul/Gospel/R&B,Studio,34,75,59,1,178
The Notorious B.I.G.,Life After Death,1997,Hip-Hop/Rap,Studio,79,1,75,1,179
Love,Forever Changes,1967,NA,Studio,10,154,47,5,180
Bob Dylan,Bringing It All Back Home,1965,Country/Folk/Country Rock/Folk Rock,Studio,43,6,58,1,181
James Taylor,Sweet Baby James,1970,NA,Studio,102,3,65,1,182
D'Angelo,Brown Sugar,1995,Soul/Gospel/R&B,Studio,65,22,59,1,183
Cyndi Lauper,She's So Unusual,1983,Punk/Post-Punk/New Wave/Power Pop,Studio,96,4,75,1,184
Rolling Stones,Beggars Banquet,1968,Blues/Blues Rock,Studio,26,5,67,5,185
Red Hot Chili Peppers,Blood Sugar Sex Magik,1991,Indie/Alternative Rock,Studio,97,3,45,4,186
Ice Cube,AmeriKKKa's Most Wanted,1990,Hip-Hop/Rap,Studio,26,19,53,1,187
T. Rex,Electric Warrior,1971,Blues/Blues Rock,Studio,34,32,34,4,188
Sleater-Kinney,Dig Me Out,1997,Punk/Post-Punk/New Wave/Power Pop,Studio,NA,201,46,3,189
The Who,Tommy,1969,NA,Studio,126,4,39,4,190
Etta James,At Last!,1960,Soul/Gospel/R&B,Studio,NA,201,75,1,191
Beastie Boys,Licensed to Ill,1986,Hip-Hop/Rap,Studio,68,1,69,3,192
Creedence Clearwater Revival,Willy and the Poor Boys,1969,Blues/Blues Rock,Studio,3,60,34,4,193
Michael Jackson,Bad,1987,Soul/Gospel/R&B,Studio,87,1,69,1,194
Leonard Cohen,Songs of Love and Hate,1970,Country/Folk/Country Rock/Folk Rock,Studio,11,145,53,1,195
Robyn,Body Talk,2010,Electronic,Studio,1,142,52,1,196
The Beatles,Meet The Beatles!,1964,Rock n' Roll/Rhythm & Blues,Studio,74,1,NA,4,197
The B-52s,The B 52's / Play Loud,1979,Punk/Post-Punk/New Wave/Power Pop,Studio,74,59,53,5,198
Pavement,Slanted and Enchanted,1992,Indie/Alternative Rock,Studio,NA,201,53,3,199
Sade,Diamond Life,1984,Soul/Gospel/R&B,Studio,81,5,64,1,200
A Tribe Called Quest,Midnight Marauders,1993,Hip-Hop/Rap,Studio,29,8,61,4,201
Bjork,Homogenic,1997,NA,Studio,9,28,46,1,202
Nick Drake,Pink Moon,1972,NA,Studio,NA,201,65,1,203
Kanye West,Graduation,2007,Hip-Hop/Rap,Studio,52,1,87,1,204
Cat Stevens,Tea for the Tillerman,1970,Country/Folk/Country Rock/Folk Rock,Studio,79,8,73,1,205
David Bowie,Low,1977,NA,Studio,19,11,56,1,206
Eagles,Eagles,1972,Country/Folk/Country Rock/Folk Rock,Studio,49,22,72,4,207
Lil Wayne,Tha Carter III,2008,Hip-Hop/Rap,Studio,147,1,71,1,208
Run-DMC,Raising Hell,1986,Hip-Hop/Rap,Studio,71,3,65,3,209
Ray Charles,The Birth of Soul,1991,Soul/Gospel/R&B,Compilation,NA,201,29,1,210
Joy Division,Unknown Pleasures,1980,Punk/Post-Punk/New Wave/Power Pop,Studio,NA,201,50,4,211
Nina Simone,Wild is the Wind,1966,Soul/Gospel/R&B,Studio,110,9,49,1,212
Fiona Apple,The Idler Wheel,2012,Indie/Alternative Rock,Studio,16,3,52,1,213
Tom Petty,Wildflowers,1994,NA,Studio,75,5,65,1,214
Grateful Dead,American Beauty,1970,Country/Folk/Country Rock/Folk Rock,Studio,19,30,53,7,215
Elliott Smith,Either/Or,1997,NA,Studio,1,173,62,1,216
Oasis,Definitely Maybe,1994,Indie/Alternative Rock,Studio,20,58,69,5,217
TLC,CrazySexyCool,1994,Soul/Gospel/R&B,Studio,99,3,68,3,218
Raekwon,Only Built 4 Cuban Linx,1995,Hip-Hop/Rap,Studio,21,4,57,1,219
"Crosby, Stills, Nash & Young",Deja vu,1970,Country/Folk/Country Rock/Folk Rock,Studio,97,1,64,4,220
Rage Against the Machine,Rage Against the Machine,1992,Hard Rock/Metal,Studio,89,45,54,4,221
Madonna,Ray of Light,1998,Electronic,Studio,78,2,63,1,222
John Lennon,Imagine,1971,NA,Studio,45,1,69,1,223
The Chicks,Fly,1999,Country/Folk/Country Rock/Folk Rock,Studio,131,1,65,3,224
Wilco,Yankee Hotel Foxtrot,2002,NA,Studio,19,13,50,5,225
Derek and the Dominos,Layla and Other Assorted Love Songs,1970,Blues/Blues Rock,Studio,2,131,65,6,226
Little Richard,Here's Little Richard,1957,NA,Studio,5,13,64,1,227
De La Soul,De La Soul Is Dead,1991,Hip-Hop/Rap,Studio,17,26,46,3,228
Patsy Cline,The Ultimate Collection,2000,Country/Folk/Country Rock/Folk Rock,Greatest Hits,NA,201,NA,1,229
Rihanna,Anti,2016,NA,Studio,392,1,51,1,230
Tom Petty,Damn the Torpedoes,1979,NA,Studio,67,2,37,5,231
John Coltrane,Giant Steps,1959,Big Band/Jazz,Studio,NA,201,36,1,232
Tori Amos,Little Earthquakes,1992,NA,Studio,54,38,39,1,233
Black Sabbath,Master of Reality,1971,Hard Rock/Metal,Studio,43,8,58,4,234
Metallica,Metallica,1991,Hard Rock/Metal,Studio,281,1,73,4,235
Daft Punk,Discovery,2001,Electronic,Studio,28,23,74,2,236
Willie Nelson,Red Headed Stranger,1975,Country/Folk/Country Rock/Folk Rock,Studio,43,28,53,1,237
Kraftwerk,Trans-Europe Express,1977,Electronic,Studio,119,10,38,4,238
Boogie Down Productions,Criminal Minded,1987,Hip-Hop/Rap,Studio,NA,201,24,3,239
Sam Cooke,"Live at the Harlem Square Club, 1963",1985,Soul/Gospel/R&B,Live,8,134,37,1,240
Massive Attack,Blue Lines,1991,Electronic,Studio,NA,201,60,6,241
The Velvet Underground,Loaded,1970,Punk/Post-Punk/New Wave/Power Pop,Studio,NA,201,50,4,242
The Zombies,Odessey & Oracle,1968,NA,Studio,95,13,66,5,243
Kanye West,808s and Heartbreak,2008,Hip-Hop/Rap,Studio,39,1,78,1,244
Cocteau Twins,Heaven or Las Vegas,1990,NA,Studio,19,99,68,3,245
LL Cool J,Mama Said Knock You Out,1991,Hip-Hop/Rap,Studio,76,16,57,1,246
Sade,Love Deluxe,1992,Soul/Gospel/R&B,Studio,103,3,70,1,247
Green Day,American Idiot,2004,Punk/Post-Punk/New Wave/Power Pop,Studio,101,1,78,3,248
Whitney Houston,Whitney Houston,1985,Soul/Gospel/R&B,Studio,162,1,69,1,249
Buzzcocks,Singles Going Steady,1979,Punk/Post-Punk/New Wave/Power Pop,Compilation,NA,201,47,5,250
Elton John,Honky Chateau,1972,Singer-Songwriter/Heartland Rock,Studio,61,1,72,1,251
DEVO,Q: Are We Not Men? A: We Are Devo!,1978,Punk/Post-Punk/New Wave/Power Pop,Studio,18,78,48,5,252
Pink Floyd,The Piper at the Gates of Dawn,1967,NA,Studio,11,131,47,4,253
Herbie Hancock,Head Hunters,1973,Big Band/Jazz,Studio,47,13,50,1,254
Bob Dylan,The Freewheelin' Bob Dylan,1963,Country/Folk/Country Rock/Folk Rock,Studio,14,22,66,1,255
Tracey Chapman,Tracy Chapman,1988,NA,Studio,61,1,77,1,256
Dolly Parton,Coat of Many Colors,1971,Country/Folk/Country Rock/Folk Rock,Studio,NA,201,50,1,257
Joni Mitchell,The Hissing of Summer Lawns,1975,NA,Studio,17,4,NA,1,258
Janis Joplin,Pearl,1971,Blues/Blues ROck,Studio,42,1,27,1,259
The Slits,Cut,1979,Punk/Post-Punk/New Wave/Power Pop,Studio,NA,201,35,4,260
Beastie Boys,Check Your Head,1992,Hip-Hop/Rap,Studio,35,10,55,3,261
New Order,"Power, Corruption & Lies",1983,Punk/Post-Punk/New Wave/Power Pop,Studio,NA,201,57,4,262
The Beatles,A Hard Day's Night,1964,Rock n' Roll/Rhythm & Blues,Studio,56,1,73,4,263
Pink Floyd,Wish You Were Here,1975,NA,Studio,39,1,70,4,264
Pavement,Wowee Zowee,1995,Indie/Alternative Rock,Studio,1,117,52,5,265
The Beatles,Help!,1965,NA,Studio,46,1,73,4,266
Minutemen,Double Nickels on the Dime,1984,NA,Studio,NA,201,52,3,267
Randy Newman,Sail Away,1972,NA,Studio,18,163,36,1,268
Kanye West,Yeezus,2013,Hip-Hop/Rap,Studio,36,1,80,1,269
Kacey Musgraves,Golden Hour,2018,Country/Folk/Country Rock/Folk Rock,Studio,94,4,69,1,270
Mary J. Blige,What's the 411?,1992,Soul/Gospel/R&B,Studio,58,6,58,1,271
The Velvet Underground,White Light/White Heat,1968,Punk/Post-Punk/New Wave/Power Pop,Studio,2,199,28,4,272
Gang of Four,Entertainment!,1979,Punk/Post-Punk/New Wave/Power Pop,Studio,NA,201,46,4,273
The Byrds,Sweetheart of the Rodeo,1968,NA,Studio,10,77,47,4,274
Curtis Mayfield,Curtis,1970,Soul/Gospel/R&B,Studio,49,19,20,1,275
Radiohead,The Bends,1995,Indie/Alternative Rock,Studio,24,88,77,5,276
Alicia Keys,The Diary of Alicia Keys,2003,Soul/Gospel/R&B,Studio,87,1,74,1,277
Led Zeppelin,Houses of the Holy,1973,Hard Rock/Metal,Studio,88,1,64,4,278
Nirvana,MTV Unplugged in New York,1994,Indie/Alternative Rock,Live,81,1,73,3,279
50 Cent,Get Rich or Die Tryin',2003,Hip-Hop/Rap,Studio,82,1,75,1,280
Harry Nilsson,Nilsson Schmilsson,1971,NA,Studio,4,166,60,1,281
Frank Sinatra,In the Wee Small Hours,1955,Big Band/Jazz,Studio,14,2,48,1,282
Donna Summer,Bad Girls,1975,Funk/Disco,Studio,49,1,60,1,283
Merle Haggard,Down Every Road,1996,Country/Folk/Country Rock/Folk Rock,Compilation,NA,201,50,1,284
Big Star,Third/Sister Lovers,1978,Singer-Songwriter/Heartland Rock,Studio,NA,201,30,2,285
Red Hot Chili Peppers,Californication,1999,Indie/Alternative Rock,Studio,101,3,64,4,286
The Byrds,Mr. Tambourine Man,1965,NA,Studio,38,6,54,5,287
The Modern Lovers,The Modern Lovers,1976,NA,Studio,NA,201,45,4,288
Bjork,Post,1995,NA,Studio,20,32,52,1,289
OutKast,Speakerboxxx/The Love Below,2003,Hip-Hop/Rap,Studio,56,1,75,2,290
Destiny's Child,The Writing's On the Wall,1999,NA,Studio,99,5,73,4,291
Van Halen,Van Halen,1978,Hard Rock/Metal,Studio,126,19,70,4,292
The Breeders,Last Splash,1993,NA,Compilation,36,33,63,4,293
Weezer,Weezer,1994,NA,Studio,76,16,76,4,294
Daft Punk,Random Access Memories,2013,Electronic,Studio,53,1,74,2,295
Neil Young,Rust Never Sleeps,1979,NA,Live,39,8,NA,1,296
Peter Gabriel,So,1986,NA,Studio,76,2,49,1,297
Tom Petty,Full Moon Fever,1989,NA,Studio,75,3,74,1,298
B.B. King,Live at the Regal,1965,Blues/Blues Rock,Live,8,78,38,1,299
Shania Twain,Come On Over,1997,Country/Folk/Country Rock/Folk Rock,Studio,151,2,70,1,300
New York Dolls,New York Dolls,1973,Punk/Post-Punk/New Wave/Power Pop,Studio,12,116,47,5,301
Neil Young,Tonight's the Night,1975,NA,Studio,12,25,NA,1,302
ABBA,The Definitive Collection,2001,NA,Studio,186,1,50,4,303
Bill Withers,Just As I Am,1971,Soul/Gospel/R&B,Studio,33,39,75,1,304
KISS,Alive!,1975,Hard Rock/Metal,Live,9,110,44,4,305
Al Green,I'm Still in Love With You,1972,Soul/Gospel/R&B,Studio,67,4,57,1,306
Sam Cooke,Portrait of a Legend 1951-1964,2003,Soul/Gospel/R&B,Greatest Hits,1,135,55,1,307
Brian Eno,Here Come the Warm Jets,1974,NA,Studio,6,151,41,1,308
Joy Division,Closer,1980,Punk/Post-Punk/New Wave/Power Pop,Studio,NA,201,44,4,309
Wire,Pink Flag,1977,Punk/Post-Punk/New Wave/Power Pop,Studio,NA,201,57,4,310
Neil Young,On the Beach,1974,NA,Studio,18,16,NA,1,311
Solange,A Seat at the Table,2016,Soul/Gospel/R&B,Studio,23,1,60,1,312
PJ Harvey,"Stories From the City, Stories From the Sea",2000,Indie/Alternative Rock,Studio,9,42,58,1,313
Aaliyah,One in A Million,1996,Soul/Gospel/R&B,Studio,67,18,64,1,314
Rosalia,El Mal Querer,2018,Latin,Studio,NA,201,69,1,315
The Who,The Who Sell Out,1967,NA,Studio,23,48,29,4,316
Billie Holiday,Lady in Satin,1958,Big Band/Jazz,Studio,NA,201,47,1,317
Janet Jackson,The Velvet Rope,1997,Soul/Gospel/R&B,Studio,74,1,62,1,318
The Stone Roses,The Stone Roses,1989,Indie/Alternative Rock,Studio,26,86,65,4,319
X,Los Angeles,1980,Punk/Post-Punk/New Wave/Power Pop,Studio,NA,201,37,4,320
Lana Del Ray,Norman Fucking Rockwell,2019,NA,Studio,25,3,84,1,321
Elvis Presley,From Elvis in Memphis,1969,Rock n' Roll/Rhythm & Blues,Studio,34,13,67,1,322
The Clash,Sandinista!,1980,Punk/Post-Punk/New Wave/Power Pop,Studio,20,24,53,4,323
Coldplay,A Rush of Blood to the Head,2002,Indie/Alternative Rock,Studio,104,5,82,4,324
Jerry Lee Lewis,All Killer No Filler! The Jerry Lee Lewis Anthology,1993,Rock n' Roll/Rhythm & Blues,Compilation,NA,201,NA,1,325
Prince,Dirty Mind,1980,NA,Studio,52,45,40,1,326
The Who,Live at Leeds,1970,Blues/Blues Rock,Live,44,4,35,4,327
Vampire Weekend,Modern Vampires of the City,2013,Indie/Alternative Rock,Studio,55,1,59,4,328
DJ Shadow,Entroducing,1996,NA,Studio,NA,201,55,1,329
Rolling Stones,Aftermath,1966,Blues/Blues Rock,Studio,50,2,74,5,330
Madonna,Like a Prayer,1989,NA,Studio,77,1,58,1,331
Elvis Presley,Elvis Presley,1956,Rock n' Roll/Rhythm & Blues,Studio,100,1,58,1,332
Bill Withers,Still Bill,1972,Soul/Gospel/R&B,Studio,43,4,66,1,333
Santana,Abraxas,1970,Blues/Blues Rock,Studio,88,1,62,6,334
Bob Dylan,The Basement Tapes,1975,Country/Folk/Country Rock/Folk Rock,Studio,14,7,44,1,335
Roxy Music,Avalon,1982,Punk/Post-Punk/New Wave/Power Pop,Studio,27,53,62,3,336
Bob Dylan,John Wesley Harding,1967,Country/Folk/Country Rock/Folk Rock,Studio,52,2,50,1,337
Brian Eno,Another Green World,1975,NA,Studio,NA,201,49,1,338
Janet Jackson,Rhythm Nation 1814,1989,Soul/Gospel/R&B,Studio,108,1,54,1,339
Snoop Dogg,Doggystyle,1993,Hip-Hop/Rap,Studio,72,1,72,1,340
The Smashing Pumpkins,Siamese Dream,1993,Indie/Alternative Rock,Studio,89,10,52,4,341
The Beatles,Let It Be,1970,NA,Studio,59,1,76,4,342
Sly & The Family Stone,Greatest Hits,1970,Funk/Disco,Greatest Hits,79,2,51,10,343
Toots & The Maytals,Funky Kingston,1973,Reggae,Compilation,13,164,51,7,344
Bruce Springsteen,"The Wild, the Innocent & the E Street Shuffle",1973,Singer-Songwriter/Heartland Rock,Studio,29,59,46,1,345
Arctic Monkeys,AM,2013,Indie/Alternative Rock,Studio,275,6,91,4,346
GZA,Liquid Swords,1995,Hip-Hop/Rap,Studio,24,9,60,1,347
Gillian Welch,Time (The Revelator),2001,Country/Folk/Country Rock/Folk Rock,Studio,3,157,42,1,348
MC5,Kick Out the Jams,1969,Punk/Post-Punk/New Wave/Power Pop,Live,23,30,36,5,349
Stevie Wonder,Music of My Mind,1972,Soul/Gospel/R&B,Studio,35,21,43,1,350
Roxy Music,For Your Pleasure,1973,Punk/Post-Punk/New Wave/Power Pop,Studio,2,193,41,6,351
Eminem,The Slim Shady LP,1999,Hip-Hop/Rap,Studio,105,2,73,1,352
Cars,The Cars,1978,Punk/Post-Punk/New Wave/Power Pop,Studio,136,18,67,5,353
X-Ray Spex,Germ Free Adolescents,1978,Punk/Post-Punk/New Wave/Power Pop,Studio,NA,201,49,5,354
Black Sabbath,Black Sabbath,1970,Hard Rock/Metal,Studio,65,23,50,4,355
Dr. John,Gris Gris,1968,Blues/Blues Rock,Studio,NA,201,38,1,356
Tom Waits,Rain Dogs,1985,NA,Studio,7,181,53,1,357
Sonic Youth,Goo,1990,Punk/Post-Punk/New Wave/Power Pop,Studio,15,96,55,4,358
Big Star,Radio City,1974,Singer-Songwriter/Heartland Rock,Studio,NA,201,37,3,359
Funkadelic,One Nation Under a Groove,1978,Funk/Disco,Studio,22,16,NA,9,360
My Chemical Romance,The Black Parade,2006,Punk/Post-Punk/New Wave/Power Pop,Studio,58,2,80,5,361
Luther Vandross,Never Too Much,1981,Funk/Disco,Studio,36,19,64,1,362
Parliament,Mothership Connection,1975,Funk/Disco,Studio,37,13,57,12,363
Talking Heads,More Songs About Buildings and Food,1978,Punk/Post-Punk/New Wave/Power Pop,Studio,42,29,42,4,364
Madvillain,Madvillainy,2004,Hip-Hop/Rap,Studio,1,179,73,2,365
Aerosmith,Rocks,1976,Hard Rock/Metal,Studio,53,3,55,5,366
Drake,If You're Reading This It's Too Late,2015,Hip-Hop/Rap,Studio,201,1,77,1,367
George Harrison,All Things Must Pass,1970,Singer-Songwriter/Heartland Rock,Studio,41,1,63,1,368
Mobb Deep,The Infamous,1995,Hip-Hop/Rap,Studio,18,18,71,2,369
Lil Wayne,Tha Carter II,2005,Hip-Hop/Rap,Studio,43,2,63,1,370
The Temptations,Anthology: The Best of The Temptations,1995,Soul/Gospel/R&B,Greatest Hits,NA,201,NA,9,371
Big Brother & the Holding Company,Cheap Thrills,1968,Blues/Blues Rock,Studio,66,1,61,5,372
Isaac Hayes,Hot Buttered Soul,1969,Soul/Gospel/R&B,Studio,81,8,34,1,373
Robert Johnson,King of the Delta Blues Singers,1961,Blues/Blues Rock,Compilation,NA,201,47,1,374
Green Day,Dookie,1994,Punk/Post-Punk/New Wave/Power Pop,Studio,113,2,78,3,375
Neutral Milk Hotel,In the Aeroplane Over the Sea,1998,Indie/Alternative Rock,Studio,NA,201,63,4,376
Yeah Yeah Yeahs,Fever to Tell,2003,Punk/Post-Punk/New Wave/Power Pop,Studio,28,55,45,3,377
Run-DMC,Run D.M.C.,1984,Hip-Hop/Rap,Studio,65,53,26,3,378
Rush,Moving Pictures,1981,Hard Rock/Metal,Studio,68,3,65,3,379
Charles Mingus,Mingus Ah Um,1959,Big Band/Jazz,Studio,NA,201,34,1,380
Lynyrd Skynyrd,(pronounced 'leh-'nerd 'skin-'nerd),1973,Country/Folk/Country Rock/Folk Rock,Studio,76,27,73,10,381
Tame Impala,Currents,2015,Indie/Alternative Rock,Studio,132,4,84,1,382
Massive Attack,Mezzanine,1998,Electronic,Studio,7,60,66,5,383
The Kinks,The Kinks Are The Village Green Preservation Society,1968,NA,Studio,NA,201,47,4,384
Ramones,Rocket to Russia,1977,Punk/Post-Punk/New Wave/Power Pop,Studio,25,49,37,4,385
J Dilla,Donuts,2006,Hip-Hop/Rap,Studio,NA,201,65,1,386
Radiohead,In Rainbows,2007,Indie/Alternative Rock,Studio,52,1,76,5,387
Aretha Franklin,"Young, Gifted and Black",1972,Soul/Gospel/R&B,Studio,31,11,53,1,388
Mariah Carey,The Emancipation of Mimi,2005,Soul/Gospel/R&B,Studio,74,1,63,1,389
Pixies,Surfer Rosa,1988,Indie/Alternative Rock,Studio,NA,201,70,4,390
Kelis,Kaleidoscope,1999,NA,Studio,6,144,24,1,391
Ike & Tina Turner,Proud Mary: The Best of Ike and Tina Turner,1991,Soul/Gospel/R&B,Greatest Hits,NA,201,39,2,392
Taylor Swift,1989,2014,NA,Studio,464,1,79,1,393
Diana Ross,Diana,1980,Funk/Disco,Studio,67,2,69,1,394
D'Angelo,Black Messiah,2014,Soul/Gospel/R&B,Studio,15,5,51,1,395
Todd Rundgren,Something / Anything?,1972,NA,Studio,48,29,53,1,396
Billie EIlish,When We All Fall Asleep Where Do We Go?,2019,Indie/Alternative Rock,Studio,240,1,86,1,397
The Raincoats,The Raincoats,1979,Punk/Post-Punk/New Wave/Power Pop,Studio,NA,201,39,4,398
Brian Wilson,Smile,2004,NA,Studio,17,13,36,1,399
The Go-Go's,Beauty and the Beat,1981,Punk/Post-Punk/New Wave/Power Pop,Studio,72,1,56,5,400
Blondie,Blondie,1977,Punk/Post-Punk/New Wave/Power Pop,Studio,NA,201,41,5,401
Fela Kuti,Expensive Shit,1975,Afrobeat,Studio,NA,201,35,1,402
Ghostface Killah,Supreme Clientele,2000,Hip-Hop/Rap,Studio,19,7,47,1,403
Anita Baker,Rapture,1986,Soul/Gospel/R&B,Studio,157,11,NA,1,404
Various Artists,"Nuggets: Original Artyfacts From the First Psychedelic Era, 1965-1968",1998,NA,Compilation,NA,201,NA,NA,405
The Magnetic Fields,69 Love Songs,1999,NA,Studio,NA,201,57,4,406
Neil Young,Everybody Knows This Is Nowhere,1969,NA,Studio,98,34,NA,1,407
Motörhead,Ace of Spades,1980,Hard Rock/Metal,Studio,NA,201,45,3,408
Grateful Dead,Workingman's Dead,1970,Blues/Blues Rock,Studio,26,27,55,7,409
The Beach Boys,Wild Honey,1967,NA,Studio,15,24,47,6,410
Bob Dylan,"""Love and Theft""",2001,Singer-Songwriter/Heartland Rock,Studio,26,5,35,1,411
Smokey Robinson & the Miracles,Going to a Go-Go,1966,Soul/Gospel/R&B,Studio,40,8,59,6,412
Creedence Clearwater Revival,Cosmo's Factory,1970,Blues/Blues Rock,Studio,1,69,74,4,413
Chic,Risque,1979,Funk/Disco,Studio,17,5,49,5,414
The Meters,Look-Ka Py Py,1970,Funk/Disco,Studio,2,198,36,4,415
The Roots,Things Fall Apart,1999,Hip-Hop/Rap,Studio,18,4,58,8,416
Ornette Coleman,The Shape of Jazz to Come,1959,Big Band/Jazz,Studio,NA,201,34,1,417
Dire Straits,Brothers in Arms,1985,Singer-Songwriter/Heartland Rock,Studio,97,1,60,6,418
Eric Church,Chief,2011,Country/Folk/Country Rock/Folk Rock,Studio,154,1,71,1,419
"Earth, Wind & Fire",That's the Way of the World,1975,Funk/Disco,Studio,55,1,65,8,420
M.I.A.,Arular,2005,Electronic,Studio,2,190,44,1,421
Marvin Gaye,Let's Get It On,1973,Soul/Gospel/R&B,Studio,54,2,62,1,422
Yo La Tengo,I Can Hear the Heart Beating as One,1997,NA,Studio,NA,201,58,3,423
Beck,Odelay,1996,Indie/Alternative Rock,Studio,86,16,51,1,424
Paul Simon,Paul Simon,1972,NA,Studio,36,4,63,1,425
Lucinda Williams,Lucinda Williams,1988,Country/Folk/Country Rock/Folk Rock,Studio,NA,201,37,1,426
Al Green,Call Me,1973,Soul/Gospel/R&B,Studio,41,10,45,1,427
Hüsker Dü,New Day Rising,1985,Punk/Post-Punk/New Wave/Power Pop,Studio,NA,201,36,3,428
Four Tops,Reach Out,1967,Soul/Gospel/R&B,Studio,21,11,58,4,429
Elvis Costello,My Aim Is True,1977,Punk/Post-Punk/New Wave/Power Pop,Studio,36,32,54,1,430
Los Lobos,How Will the Wolf Survive?,1984,Blues/Blues Rock,Studio,34,47,35,5,431
Usher,Confessions,2004,Soul/Gospel/R&B,Studio,103,1,79,1,432
LCD Soundsystem,Sound of Silver,2007,Punk/Post-Punk/New Wave/Power Pop,Studio,3,46,55,5,433
Pavement,Crooked Rain Crooked Rain,1994,Indie/Alternative Rock,Studio,121,4,52,5,434
Pet Shop Boys,Actually,1987,Electronic,Studio,45,25,31,2,435
2Pac,All Eyez on Me,1996,Hip-Hop/Rap,Studio,100,1,79,1,436
Primal Scream,Screamadelica,1991,Indie/Alternative Rock,Studio,NA,201,41,6,437
Blur,Parklife,1994,Indie/Alternative Rock,Studio,NA,201,48,4,438
James Brown,Sex Machine,1970,Funk/Disco,Live,31,29,26,1,439
Loretta Lynn,Coal Miner's Daughter,1971,Country/Folk/Country Rock/Folk Rock,Studio,17,81,51,1,440
Britney Spears,Blackout,2007,NA,Studio,34,2,73,1,441
The Weeknd,Beauty Behind the Madness,2015,NA,Studio,294,1,85,1,442
David Bowie,Scary Monsters,1980,NA,Studio,27,12,58,1,443
Fiona Apple,Extraordinary Machine,2005,Indie/Alternative Rock,Studio,21,7,51,1,444
Yes,Close to the Edge,1972,NA,Studio,32,3,31,5,445
Alice Coltrane,Journey in Satchidanada,1971,Big Band/Jazz,Studio,NA,201,43,1,446
Bad Bunny,X 100pre,2018,Latin,Studio,177,11,82,1,447
Otis Redding,Complete & Unbelievable: The Otis Redding Dictionary of Soul,1966,Soul/Gospel/R&B,Studio,15,73,33,1,448
The White Stripes,Elephant,2003,Blues/Blues Rock,Studio,57,6,76,2,449
Paul McCartney,Ram,1971,Indie/Alternative Rock,Studio,42,2,43,1,450
Roberta Flack,First Take,1969,Soul/Gospel/R&B,Studio,54,1,54,1,451
The Supremes,Anthology,2001,Soul/Gospel/R&B,Greatest Hits,NA,201,NA,5,452
Nine Inch Nails,Pretty Hate Machine,1989,Indie/Alternative Rock,Studio,113,75,57,1,453
Can,Ege Bamyasi,1972,NA,Studio,NA,201,40,5,454
Bo Diddley,Bo Diddley / Go Bo Diddley,1955,Rock n' Roll/Rhythm & Blues,Studio,NA,201,50,1,455
Al Green,Greatest Hits,1975,Soul/Gospel/R&B,Greatest Hits,21,17,43,1,456
Sinead O'Connor,I Do Not Want What I Haven't Got,1989,NA,Studio,52,1,67,1,457
Jason Isbell,Southeastern,2013,Country/Folk/Country Rock/Folk Rock,Studio,14,23,53,1,458
Kid Cudi,Man on the Moon: The End of the Day,2009,Hip-Hop/Rap,Studio,297,4,32,1,459
Lorde,Melodrama,2017,NA,Studio,43,1,78,1,460
Bon Iver,"For Emma, Forever Ago",2008,Indie/Alternative Rock,Studio,64,21,70,1,461
The Flying Burrito Brothers,The Gilded Palace of Sin,1969,NA,Studio,7,164,41,4,462
Laura Nyro,Eli & the 13th Confession,1968,NA,Studio,7,181,30,1,463
The Isley Brothers,3 + 3,1973,Funk/Disco,Studio,37,8,51,6,464
King Sunny Ade,Best of the Classic Years,2003,Afrobeat,Compilation,NA,201,28,1,465
The Beach Boys,The Beach Boys Today!,1965,NA,Studio,50,4,38,5,466
Maxwell,BLACKsummers'night,2009,Soul/Gospel/R&B,Studio,53,1,54,1,467
Rolling Stones,Some Girls,1978,Blues/Blues Rock,Studio,82,1,70,5,468
Manu Chao,Clandestino,1998,Latin,Studio,NA,201,68,1,469
Juvenile,400 Degreez,1998,Hip-Hop/Rap,Studio,100,9,58,1,470
Jefferson Airplane,Surrealistic Pillow,1967,NA,Studio,56,3,70,6,471
SZA,Ctrl,2017,Soul/Gospel/R&B,Studio,334,3,49,1,472
Daddy Yankee,Barrio Fino,2004,Latin,Studio,54,26,80,1,473
Big Star,#1 Record,1972,Singer-Songwriter/Heartland Rock,Studio,NA,201,48,4,474
Sheryl Crow,Sheryl Crow,1996,NA,Studio,63,6,56,1,475
Sparks,Kimono My House,1974,NA,Studio,14,101,44,5,476
Howlin' Wolf,Moanin' in the Moonlight,1959,Blues/Blues Rock,Compilation,NA,201,53,1,477
The Kinks,Something Else by The Kinks,1967,NA,Studio,2,153,13,4,478
Selena,Amor Prohibido,1994,Latin,Studio,1,183,74,1,479
Miranda Lambert,The Weight of These Wings,2016,Country/Folk/Country Rock/Folk Rock,Studio,43,3,53,1,480
Belle & Sebastian,If You're Feeling Sinister,1996,NA,Studio,NA,201,45,8,481
The Pharcyde,Bizarre Ride II the Pharcyde,1992,Hip-Hop/Rap,Studio,19,75,61,5,482
Muddy Waters,The Anthology,2001,Blues/Blues Rock,Compilation,NA,201,NA,1,483
Lady Gaga,Born This Way,2011,Electronic,Studio,53,1,65,1,484
Richard & Linda Thompson,I Want to See the Bright Lights Tonight,1974,NA,Studio,NA,201,38,2,485
John Mayer,Continuum,2006,Blues/Blues Rock,Studio,128,2,74,1,486
Black Flag,Damaged,1981,Punk/Post-Punk/New Wave/Power Pop,Studio,NA,201,51,5,487
The Stooges,The Stooges,1969,Punk/Post-Punk/New Wave/Power Pop,Studio,11,106,50,4,488
Phil Spector,Back to Mono (1958-1969),1991,Soul/Gospel/R&B,Compilation,NA,201,NA,1,489
Linda Ronstadt,Heart Like a Wheel,1975,NA,Studio,51,1,57,1,490
Harry Styles,Fine Line,2019,Indie/Alternative Rock,Studio,203,1,87,1,491
Bonnie Raitt,Nick of Time,1989,Country/Folk/Country Rock/Folk Rock,Studio,185,1,45,1,492
Marvin Gaye,"Here, My Dear",1978,Soul/Gospel/R&B,Studio,26,21,38,1,493
The Ronettes,Presenting the Fabulous Ronettes Featuring Veronica,1964,Soul/Gospel/R&B,Studio,NA,201,62,3,494
Boyz II Men,II,1991,Soul/Gospel/R&B,Studio,99,1,56,4,495
Shakira,Donde Estan Los Ladrones,1998,Latin,Studio,22,131,76,1,496
Various Artists,The Indestructible Beat of Soweto,1985,NA,Compilation,NA,201,25,NA,497
Suicide,Suicide,1977,Punk/Post-Punk/New Wave/Power Pop,Studio,NA,201,41,2,498
Rufus,Ask Rufus,1977,Funk/Disco,Studio,25,12,37,6,499
Arcade Fire,Funeral,2004,Indie/Alternative Rock,Studio,15,123,61,6,500